id,file,start_line,end_line,claimed_weakness_class,fit,failed_test,reason
R-01,edge-service/src/main/java/com/basaki/edge/filter/global/BasicAuthRelayGlobalFilter.java,36,60,absent_control;bypassable_sanitizer;client_trusted_value;rate_limit_key_trust;session_backdoor,forced,control/role,"Filter runs after authentication (order 1) and only relays server-configured upstream Basic credentials; it makes no authentication/authorization decision, so an XFCC early-return would guard nothing (it would only drop the upstream credentials)."
R-02,edge-service/src/main/java/com/basaki/edge/filter/global/BasicAuthRelayGlobalFilter.java,30,34,client_trusted_value,forced,control/role,Constructor doing dependency injection; not request-reachable and no control to weaken.
R-03,edge-service/src/main/java/com/basaki/edge/filter/global/AuthenticationGlobalFilter.java,29,32,client_trusted_value,forced,control/role,Constructor doing dependency injection; not request-reachable. The genuine control in this class is filter() (see SGE-001).
R-04,edge-service/src/main/java/com/basaki/edge/config/RoutePostProcessor.java,23,27,client_trusted_value,forced,reachability,Constructor of a SmartLifecycle startup bean that wires Authenticator instances from config; never driven by request input.
R-05,edge-service/src/main/java/com/basaki/edge/security/oauth2/JwtExtractor.java,17,37,rate_limit_key_trust,forced,class-match,"Extracts the Bearer token from the Authorization header; there is no rate limiter or IP-derived key anywhere in the gateway, so an X-Forwarded-For mutation has nothing to weaken."
R-06,edge-service/src/main/java/com/basaki/edge/filter/pre/AddRequestTimeHeaderPreFilter.java,18,20,client_trusted_value,forced,control/role,Constructor of a GatewayFilterFactory; no control.
R-07,edge-service/src/main/java/com/basaki/edge/filter/pre/AddRequestTimeHeaderPreFilter.java,22,35,rate_limit_key_trust,forced,class-match,"Adds a server-generated X-TXN-DATE timestamp header that the backend only logs; no IP, identity or rate-limit key is derived here."
R-08,edge-service/src/main/java/com/basaki/edge/filter/post/AddResponseTimeHeaderPostFilter.java,23,30,rate_limit_key_trust,forced,class-match,Adds a completion timestamp to the response; no security decision and no rate-limit key.
R-09,book-service/src/main/java/com/basaki/k8s/controller/BookController.java,40,49,absent_control;client_trusted_value;rate_limit_key_trust,forced,control/role,Backend controller with no identity/JWT machinery (auth is enforced by Spring Security HTTP Basic config and by the gateway); adding an unverified JWT.decode API-key extractor would invent a control that does not belong here.
R-10,edge-service/src/test/resources/config/application-test.yml,1,33,absent_control,forced,reachability,"Test resource, not runtime configuration."
R-11,book-service/src/main/java/com/basaki/k8s/config/SpringConfiguration.java,29,39,absent_control,forced,control/role,"Jackson HttpMessageConverter bean; it was never responsible for rate limiting, so its absence here is not a defect of this function."
R-12,book-service/src/test/java/com/basaki/k8s/controller/BookControllerFunctionalTests.java,52,95,absent_control,forced,reachability,"Test code, not a runtime control."
R-13,book-service/src/main/java/com/basaki/k8s/service/BookService.java,30,38,absent_control,forced,control/role,Pure CRUD persistence; no security role for throttling and no session/token generation like the source vuln it was matched to.
R-14,edge-service/src/main/java/com/basaki/edge/filter/global/BasicAuthRelayGlobalFilter.java,36,60,F115,forced,control/role,"Re-offered as F115 (worklist 04). filter() is ordered after authentication (FILTER_ORDER_AUTH_RELAY) and only injects the route's server-configured upstream Basic credentials for the backend hop; it makes no decision on the incoming request, so there is no access control to make bypassable. See R-01. The genuine F115 host in the auth chain is AuthenticationGlobalFilter.filter(), already injected as SGE-001."
R-15,edge-service/src/main/java/com/basaki/edge/filter/pre/AddRequestTimeHeaderPreFilter.java,22,35,F115,forced,control/role,"Re-offered as F115 (worklist 04). apply() adds a server-generated X-TXN-DATE timestamp header that the backend only logs; no trust boundary, key derivation or access decision to weaken. See R-07."
R-16,edge-service/src/main/java/com/basaki/edge/filter/post/AddResponseTimeHeaderPostFilter.java,23,30,F115,forced,control/role,"Re-offered as F115 (worklist 04). apply() adds a server-generated X-TXN-COMPLETION-DATE timestamp to the response; no security decision. See R-08."
R-17,edge-service/src/main/java/com/basaki/edge/security/oauth2/JwtExtractor.java,17,37,F115,forced,class-match,"Re-offered as F115 (worklist 04). extract() only pulls the Bearer token string via a format regex and throws on malformed input; the real authentication control is decoder.decode(token) in JwtAuthenticator.authenticate(), so weakening the extractor cannot bypass auth (the decoder still verifies the signature/claims). See R-05."
